,Position,Pace,Shooting,Passing,Dribbling,Physical,Defending
0,AttackingMid,71.47065088769463,63.98781501074744,67.24459331565714,73.99697342375774,63.50426766398316,52.64136263437881
1,CenterBack,59.747802944932765,40.49455024666315,48.64561064783512,50.87967695890617,71.75882991510781,72.79141416873263
2,DefendingMid,62.50040584415584,58.217649711399716,65.06942821067823,67.80411255411255,71.74276515151516,69.71411255411256
3,FullBack,74.02713705338215,51.65641845744163,60.902649266192135,68.05602191055165,69.99545175929853,68.9791530430236
4,Striker,71.1437323233682,69.99386722391236,56.862327971268826,70.521470363327,65.75097207527783,36.29888029122041
5,Winger,79.77015445144812,66.68366015737651,65.19342597399032,77.33427157747292,58.440265974539614,37.67924483994561
